{
  "eye": {
    "orientation": [
      0.1411963701248169,
      0.19533444941043854,
      -0.0708405077457428,
      0.9679306149482727
    ],
    "magnitude": 0.5773502588272095,
    "position": [
      71.65845489501953,
      -60.23164367675781,
      176.74053955078125
    ]
  },
  "radius": 100,
  "type": "PERSPECTIVE"
}